{"cameraMode":{"drawMode":0,"name":"Shaded","section":"Shading Mode"},"sceneLighting":true,"audioPlay":false,"sceneViewState":{"m_AlwaysRefresh":false,"showFog":false,"showSkybox":false,"showFlares":true,"showImageEffects":true,"showParticleSystems":true,"showVisualEffectGraphs":true,"m_FxEnabled":true},"in2DMode":false,"pivot":{"x":-109.07225036621094,"y":3.3882856369018556,"z":-23.454954147338868},"rotation":{"x":-0.006752470042556524,"y":-0.9778457880020142,"z":0.20688839256763459,"w":-0.031993426382541659},"size":0.8660253882408142,"orthographic":false}